episode,avg_eps_reward,step,act_loss,crit_loss
0,0.14135461702801555,9000,0.09867613017559052,2.858170747756958
1,0.13118660964555706,9000,0.10366231948137283,2.640737771987915
2,0.13607700976124643,9000,0.09130413085222244,2.672778367996216
3,0.13268979382316812,9000,0.10751958936452866,2.5354535579681396
4,0.12778172165831908,9000,0.11473683267831802,2.4257876873016357
0,0.13488241074790938,9000,0.08542094379663467,2.6687378883361816
1,0.1386878787887753,9000,0.09913402050733566,2.762874126434326
2,0.1384398989536917,8170,0.09840307384729385,2.6542344093322754
3,0.12892631390186485,9000,0.09799501299858093,2.3436801433563232
4,0.13467425375390282,9000,0.10480666905641556,2.4899282455444336
5,0.14975788282059324,8351,0.08146809041500092,2.165893793106079
6,0.13587114447285303,9000,0.08353406935930252,2.450899362564087
7,0.12703289032072057,9000,0.09745625406503677,2.3226723670959473
8,0.1381448032967543,9000,0.09523554891347885,2.6495161056518555
9,0.13930743361090803,8327,0.08783310651779175,2.6063272953033447
10,0.12859939602760526,9000,0.07454214245080948,2.1327905654907227
11,0.13645348726928538,9000,0.08247094601392746,2.468398332595825
12,0.15232328407973078,9000,0.056336697190999985,2.8873894214630127
13,0.14273511878162704,9000,0.07229110598564148,2.6206235885620117
14,0.13367929908804727,9000,0.08493682742118835,2.248231887817383
15,0.1354833246725447,9000,0.06216088682413101,2.341899871826172
16,0.13786262506525676,9000,0.07308227568864822,2.329235553741455
17,0.13754343446829556,9000,0.06980665773153305,2.4298319816589355
18,0.1351196073327315,9000,0.06587231159210205,2.228888511657715
19,0.13980893872166505,9000,0.0690397173166275,2.4290595054626465
20,0.14411889128419073,9000,0.050472158938646317,2.5916740894317627
21,0.13372521282300212,9000,0.06567718088626862,2.3942697048187256
22,0.14258298426405575,9000,0.04212597757577896,2.3877382278442383
23,0.15954713371426305,8332,0.05912940204143524,2.149956226348877
24,0.1371941140400581,9000,0.06014564633369446,2.346311569213867
25,0.13533656646912545,9000,0.06152951717376709,2.112880229949951
26,0.1362824397980835,9000,0.06283784657716751,2.087770462036133
27,0.13889657077435086,9000,0.05193942412734032,2.1836636066436768
28,0.13343447589817461,9000,0.05832013115286827,2.17805552482605
29,0.1364101066807782,9000,0.072393037378788,2.146904230117798
30,0.14570050356221553,9000,0.06114136427640915,2.255911111831665
31,0.14223676458640347,9000,0.06980043649673462,2.186692237854004
32,0.13681993859606678,9000,0.06485211849212646,2.0507419109344482
33,0.14531006194775528,9000,0.05838419124484062,2.1050403118133545
34,0.13747194323988032,9000,0.06428370624780655,1.9677892923355103
35,0.1515394428555888,9000,0.06227253004908562,2.528481960296631
36,0.138325063970679,9000,0.03756684809923172,2.0791752338409424
37,0.1332629588436242,9000,0.052257806062698364,1.9487653970718384
38,0.14213411255128527,9000,0.06034475937485695,1.9978471994400024
39,0.1410933474389565,9000,0.07314491271972656,2.148203134536743
40,0.13533346920376713,9000,0.044203393161296844,1.8068842887878418
41,0.14170001594420695,8281,0.061097048223018646,2.0085299015045166
42,0.14050556390342753,8254,0.04196622967720032,1.9775232076644897
43,0.13744209183561223,9000,0.053727295249700546,1.804699420928955
44,0.14050401677680333,7505,0.0437169186770916,1.8039430379867554
45,0.13501492299238232,9000,0.04364733770489693,1.8867355585098267
46,0.14800267222750385,7654,0.06035489961504936,2.1170098781585693
47,0.14617832959121507,8233,0.06258902698755264,1.9647870063781738
48,0.13508560171184036,9000,0.06336437165737152,1.8491781949996948
49,0.13206214825414728,8360,0.05658840015530586,1.7301586866378784
50,0.14543804467339258,9000,0.05535952001810074,1.8595387935638428
51,0.14029040957519137,9000,0.054560091346502304,1.8104544878005981
52,0.12914345794609963,9000,0.05961225926876068,1.603695034980774
53,0.13518658139655115,9000,0.03750375658273697,1.6530852317810059
54,0.13612128596024325,8316,0.05782666057348251,1.6777842044830322
55,0.19938855487879426,3670,0.05342523008584976,2.6751837730407715
56,0.14611689567096986,8238,0.03668411448597908,1.7449215650558472
57,0.13815582325892933,8158,0.051200054585933685,1.669871211051941
58,0.14220754254516282,8359,0.04555289074778557,2.2011332511901855
59,0.13916383205553667,9000,0.058984920382499695,1.8614211082458496
60,0.13797318911809975,8225,0.04447057098150253,1.5982571840286255
61,0.1454764473948198,8638,0.06522217392921448,1.9598455429077148
62,0.13914668133544744,9000,0.03519732505083084,1.6889350414276123
63,0.13622309577057068,8351,0.06777459383010864,1.6307942867279053
64,0.14568474845640766,9000,0.04542877897620201,1.706889271736145
65,0.1573373242396614,7566,0.04594363272190094,1.933220624923706
66,0.14777150711152723,8355,0.053269218653440475,1.8343368768692017
67,0.1354039237422242,8283,0.040260620415210724,1.5251491069793701
68,0.1338890406106358,9000,0.05975821614265442,1.497049331665039
69,0.14331722907562094,7412,0.018752003088593483,1.516176700592041
70,0.13841298787388712,7780,0.050784751772880554,1.326357126235962
71,0.14697557401017744,8242,0.04427564889192581,1.494301676750183
72,0.14412162673745477,7618,0.041915666311979294,1.9313125610351562
73,0.13973556810141505,9000,0.03495563566684723,1.5507690906524658
74,0.2221722203228318,2495,0.04755543917417526,2.850860834121704
75,0.13813146078825334,7484,0.033512718975543976,1.2546557188034058
76,0.1502991078539725,6647,0.04126812517642975,0.95351243019104
77,0.17295375822559153,3866,0.04289703071117401,2.0447041988372803
78,0.14641847952368808,7376,0.05916494131088257,1.6018627882003784
79,0.19975510023702012,2894,0.04787813872098923,2.41752552986145
80,0.14975850825891004,7586,0.054328300058841705,1.2356358766555786
81,0.1429322034556674,8307,0.06871984899044037,1.7750661373138428
82,0.1444374751676049,6727,0.019660068675875664,1.9203704595565796
83,0.1505300113600194,8354,0.03951937332749367,1.582535982131958
84,0.20284434657664116,3335,0.040876977145671844,2.4675633907318115
85,0.14040486619151693,6657,0.0019342403393238783,0.8943127393722534
86,0.13896659409746584,8291,0.055921170860528946,1.3200751543045044
87,0.2097901959825107,3394,0.03893514350056648,2.5344245433807373
88,0.14508968083272938,8405,0.05230840668082237,1.206453800201416
89,0.19202243641085845,3909,0.03930261358618736,2.206887722015381
90,0.15479726327845003,7232,0.030581921339035034,1.4863865375518799
91,0.22325258353525332,2363,0.04879782721400261,2.745267629623413
92,0.14314748226516819,7774,0.01707439124584198,1.2735761404037476
93,0.17129370615947323,6923,0.03723321855068207,2.4710075855255127
94,0.13569024289308776,7485,0.025997040793299675,1.169867753982544
95,0.1354263754550742,8266,0.0423092246055603,1.3497047424316406
96,0.14050311349524758,7801,0.06577876955270767,1.1423866748809814
97,0.18636285086832252,3141,0.04001873731613159,2.0140738487243652
98,0.14558828204697116,7596,0.031130654737353325,1.2938432693481445
99,0.14895378594242542,6809,0.016931284219026566,1.374222755432129
100,0.13257580170528951,8164,0.048296257853507996,1.0953447818756104
101,0.14542825809164642,8255,0.06262925267219543,1.3700412511825562
102,0.14012877207488342,7531,0.044602662324905396,1.1304370164871216
103,0.21297296181005596,2884,0.03782418370246887,2.4447293281555176
104,0.16450322840092832,7890,0.03168213739991188,1.6974977254867554
105,0.1568866448213932,7523,0.032633256167173386,1.6390039920806885
106,0.15296597750101507,7564,0.04840223118662834,0.9625158309936523
107,0.14107780152519928,7489,0.04292883723974228,1.3851940631866455
108,0.13911619863057928,7463,-0.004013467114418745,1.3568673133850098
109,0.1528094331978741,8470,0.0359707735478878,1.3917156457901
110,0.13968725030657875,8241,0.05491594225168228,1.2563276290893555
111,0.1452108966617862,6873,0.032006602734327316,1.4698166847229004
112,0.13320693644546272,8258,0.058625850826501846,0.763794481754303
113,0.15431111991627303,7531,0.0149469543248415,1.6869068145751953
114,0.1451343761702939,7616,0.019815385341644287,1.2001618146896362
115,0.15411933181966972,6869,-0.008095290511846542,1.0624903440475464
116,0.14764446544232848,6910,0.06657077372074127,1.020409345626831
117,0.15175314790003583,6645,0.02404784969985485,0.8370482325553894
118,0.1371283618518759,8231,0.020430494099855423,1.1791982650756836
119,0.16476777932188766,2696,0.038853202015161514,1.6209436655044556
120,0.19870459835142346,3573,0.03277524188160896,2.108626365661621
121,0.15403220137036347,6750,0.023516599088907242,1.2236402034759521
122,0.14546452361798082,6518,0.010906083509325981,1.2487003803253174
123,0.26472951605163936,2538,0.03803097456693649,3.149477481842041
124,0.20353402375383403,2961,0.03438887000083923,2.22741961479187
125,0.1455826247315017,6933,0.04818473756313324,1.306556224822998
126,0.19790789032835177,3113,0.032634321600198746,2.2297542095184326
127,0.14894175270631912,6881,0.05242403596639633,0.8676241636276245
128,0.13355426738948062,6807,0.03327132761478424,0.8701105117797852
129,0.13828516064599847,7183,-0.012336299754679203,0.7656017541885376
130,0.13354995004651393,8301,0.028117220848798752,0.8373467922210693
131,0.1417394217434772,7587,0.023761216551065445,1.0339775085449219
132,0.26191098756141906,1779,0.044705044478178024,3.0096232891082764
133,0.13333594405820542,8301,0.025579428300261497,0.8018091320991516
134,0.21436404995566619,1664,0.04564948379993439,2.1440815925598145
135,0.1421814341279734,6936,0.045057427138090134,0.9384857416152954
136,0.155021002923656,6767,0.05074562132358551,1.2739239931106567
137,0.13587005644428438,8136,0.027810629457235336,1.0597293376922607
138,0.1421977880664825,9000,0.03287341073155403,1.2450425624847412
139,0.14259462009676951,8263,0.0032640695571899414,1.1182266473770142
140,0.15071467904856461,7701,0.045759450644254684,1.39408278465271
141,0.14544046252376108,6815,0.039670366793870926,0.6751907467842102
142,0.1439545909191624,7796,0.03596346825361252,1.2950090169906616
143,0.13456592183273142,7026,0.013111254200339317,0.5849370360374451
144,0.13705144584378023,7519,0.03333307430148125,1.0163443088531494
145,0.1284877568702266,8247,0.054046373814344406,0.7738978862762451
146,0.14630419359022687,8233,0.03194965422153473,1.3737818002700806
147,0.1326876375080888,9000,0.014208313077688217,0.7139584422111511
148,0.13878834681588464,6555,0.018226301297545433,0.8466727137565613
149,0.1490144672607712,7399,0.04496314004063606,1.13400399684906
150,0.1394539879411029,7552,0.010697644203901291,1.0978636741638184
151,0.13677187319215947,7199,0.04951899126172066,1.0545333623886108
152,0.150817737908899,6857,0.042884282767772675,0.8789277076721191
153,0.12912718762387415,8397,0.02523222006857395,1.095131516456604
154,0.1435262464660013,6773,0.022832166403532028,0.6277801394462585
155,0.14092085744199873,8359,0.0198430847376585,1.0450377464294434
156,0.13490843843484082,9000,0.020377593114972115,0.9416449069976807
157,0.14818405205154442,8257,0.0035529446322470903,0.997791588306427
158,0.14103927819257708,9000,0.010841277427971363,1.1555819511413574
159,0.1367789861180739,8184,0.019624188542366028,0.9059387445449829
160,0.14320781530697357,6608,0.01787334680557251,0.8544943332672119
161,0.24062540699823573,2223,0.03456111624836922,2.721820592880249
162,0.14411901330047966,7453,0.042089615017175674,1.006242275238037
163,0.13702918870093742,8260,0.05900659039616585,0.9469549655914307
164,0.13781049198128967,8220,0.0023157165851444006,0.9981507658958435
165,0.148869901768666,6827,-0.003880660980939865,1.141923427581787
166,0.19611244586906262,2350,0.03394649922847748,1.8753767013549805
167,0.15855553493236593,8259,0.018118586391210556,1.2347079515457153
168,0.15457141874833424,7272,0.0037213903851807117,0.9143587350845337
169,0.15409571278786907,7240,0.057441458106040955,1.187082290649414
170,0.1371583970421497,8666,0.02260756678879261,1.071656346321106
171,0.24401033941039918,2079,0.03253166005015373,2.6851484775543213
172,0.13857480171117767,6430,0.05551014095544815,0.8973780274391174
173,0.1405381746741962,7337,0.015442795120179653,0.6173849105834961
174,0.15797743075507514,7388,0.012280787341296673,1.9257843494415283
175,0.13385845442855884,8174,0.03196587413549423,0.8257519602775574
176,0.1405898513261362,8137,0.030713338404893875,0.7657833695411682
177,0.13600417936871936,7354,0.023677922785282135,0.7161927223205566
178,0.15163039326072697,7816,0.026844680309295654,0.994782030582428
179,0.14733302795697253,7080,-0.00696259131655097,0.8556053638458252
180,0.13052255892937237,7574,0.047695908695459366,0.6266419887542725
181,0.19082254217419523,2695,0.02834813855588436,1.9512885808944702
182,0.129352555330562,8173,0.03362089395523071,0.6473888158798218
183,0.1490554394666312,7577,0.02338040992617607,1.4586906433105469
184,0.15686117313605283,6896,0.029114490374922752,0.6459639072418213
185,0.14100644062514203,6635,0.018806254491209984,0.780457079410553
186,0.13711853149825357,8094,0.0354733020067215,1.0362193584442139
187,0.16866702922823132,6908,0.01712818071246147,1.282800316810608
188,0.14566279087268588,8135,0.00868058018386364,1.0652172565460205
189,0.1418197657214413,7350,0.03241666406393051,0.9899864792823792
190,0.18534454075163098,3116,0.020440200343728065,1.792850136756897
191,0.2550526899678569,1693,0.03079868294298649,2.904862642288208
192,0.15611664460881372,6471,0.0060460735112428665,0.7926215529441833
193,0.1470711985621558,6520,-0.010337430983781815,0.5447131395339966
194,0.13820645240887708,9000,0.014886429533362389,1.0414055585861206
195,0.14108842693144233,7916,0.04019351303577423,0.9945980906486511
196,0.14059452809685433,6590,0.010724824853241444,0.5504050850868225
197,0.13536050631893504,8430,0.029881799593567848,0.7479170560836792
198,0.14019728657126143,8382,0.006061605643481016,0.8571942448616028
199,0.19941835454433152,3646,0.02104911208152771,2.0854218006134033
200,0.23860407544748993,3029,0.02327471412718296,2.6842594146728516
201,0.15494681471668661,7525,0.030057862401008606,1.563855528831482
202,0.16910952207018703,4271,0.023509556427598,1.4807968139648438
203,0.12844972327608323,8503,0.01748582348227501,0.6050958633422852
204,0.21818276651361992,2043,0.027248071506619453,2.421051263809204
205,0.15143370843819182,8473,0.03220594301819801,1.1978048086166382
206,0.19854079839876398,3866,0.02367102913558483,1.9802701473236084
207,0.14751002232652066,8335,0.03420261666178703,0.9535453915596008
208,0.13721231587336077,7537,-0.015177728608250618,1.0855742692947388
209,0.14378490178854197,8401,0.006108603905886412,1.18980073928833
210,0.147561614248909,7145,0.02864021621644497,1.2481441497802734
211,0.14519020078075578,6381,-0.027640562504529953,1.204692006111145
212,0.13519522641999399,6978,-0.0015254267491400242,0.6005875468254089
213,0.1335302718508158,7817,0.03279485926032066,0.720680832862854
214,0.1390577974480776,8125,0.031182629987597466,1.2740780115127563
215,0.1445593317676903,7337,0.025322379544377327,0.839066743850708
216,0.13899272443449825,7472,0.014648286625742912,0.633557140827179
217,0.13983078303579524,7392,0.014182082377374172,0.9196281433105469
218,0.14308266559746965,7598,0.030237466096878052,0.49384841322898865
219,0.14639643407845918,7411,0.03155311942100525,0.9189959168434143
220,0.14733767803446648,7346,0.021173294633626938,1.0851082801818848
221,0.14634163106023562,7643,0.0040889824740588665,1.1279454231262207
222,0.20837644789323295,941,0.0404440276324749,2.2590925693511963
223,0.18215110043833424,4608,0.017900899052619934,1.6633861064910889
224,0.139197648483808,8129,-0.002374779898673296,0.9551207423210144
225,0.2009507878950007,2797,0.0209814365953207,2.194462299346924
226,0.13883038589105867,7710,0.02182582952082157,0.7367628812789917
227,0.13290491353503112,7975,0.025175033137202263,0.5712189078330994
228,0.13938914374329595,6557,0.029312944039702415,0.5698865652084351
229,0.1408814020546708,7397,0.02177686244249344,0.6802725791931152
230,0.15219162844151934,6657,-0.019258178770542145,0.7350694537162781
231,0.14219941048772933,7734,0.0054992977529764175,0.7793259620666504
232,0.13685613009131473,7282,-0.002794726751744747,0.862118124961853
233,0.14329342988287527,7514,0.02389533258974552,1.0655512809753418
234,0.13860403864108223,8457,-0.008166618645191193,0.7331088185310364
235,0.1423531879495393,8127,0.005790648050606251,1.2445707321166992
236,0.1395821799059769,9000,0.007460481021553278,0.7591180205345154
237,0.1556841031376234,7945,0.012103102169930935,0.7791202068328857
238,0.14329322600583466,7515,0.015877598896622658,1.3387792110443115
239,0.14136255586880253,6871,0.01799359731376171,0.9327343702316284
240,0.1330354956526439,7277,0.02507711574435234,0.6924790143966675
241,0.1419931768510909,9000,0.02830854058265686,0.9005019664764404
242,0.14808731533481373,8150,0.017852352932095528,0.8788793683052063
243,0.14796543102110737,6994,0.05136167258024216,0.7982011437416077
244,0.14709778410286067,9000,0.030315939337015152,1.1828696727752686
245,0.15723200872783433,9000,0.0017685623606666923,1.3774523735046387
246,0.13780566484789109,8502,0.004929495509713888,0.8870265483856201
247,0.14924011279205393,8409,0.022904708981513977,0.8222173452377319
248,0.13616251290826803,8175,0.056090615689754486,0.6994205713272095
249,0.1398450778292406,7843,0.013243094086647034,1.0920084714889526
250,0.1410871840555923,7532,0.03456570580601692,1.036463737487793
251,0.1386491698235938,7686,0.021622441709041595,0.6561925411224365
252,0.14377000711131366,8148,0.010644382797181606,0.8219299912452698
253,0.13773863890811427,8235,0.027389930561184883,0.7811657786369324
254,0.13564797401193723,6893,0.03464411199092865,0.8721877932548523
255,0.13685795844770116,7797,-0.0021663301158696413,0.9719012975692749
256,0.15336363338744521,6478,0.006049123127013445,1.5678813457489014
257,0.13645885863657492,8197,0.023811502382159233,0.7461387515068054
258,0.14479235247439698,8583,0.014071980491280556,1.375876784324646
259,0.20824749235223455,3337,0.017867200076580048,2.2462775707244873
260,0.1551345918054188,7328,-0.012743337079882622,1.203112006187439
261,0.15433098599469344,7539,0.02555006742477417,1.4891785383224487
262,0.15027980025167048,6956,0.0006527404766529799,0.49488365650177
263,0.15135949884816122,8187,0.014832612127065659,1.1035367250442505
264,0.1406381367391011,6621,0.01655876263976097,1.0272235870361328
265,0.1459992742340429,7393,0.04632158577442169,1.223179817199707
266,0.2134565310594015,2143,0.019568702206015587,2.2455480098724365
267,0.1365356787938405,9000,0.020684249699115753,0.8323522806167603
268,0.13408621324322784,7476,-0.007358039729297161,1.1059662103652954
269,0.12952260820592934,8171,0.014055563136935234,0.623417854309082
270,0.14942052008997764,8114,0.01458671037107706,0.895396888256073
271,0.14073977129770301,8241,0.020679157227277756,0.5941206812858582
272,0.13917015457692267,7613,0.019993210211396217,0.5854385495185852
273,0.18570886453942093,3835,0.015776056796312332,1.7366838455200195
274,0.15335972512282142,7454,0.018768832087516785,0.8745261430740356
275,0.13992015384482046,7404,0.00017859569925349206,1.1366939544677734
276,0.1463870405370598,9000,0.004898465238511562,0.8064699172973633
277,0.13725328215940455,7762,0.015053138136863708,1.097204327583313
278,0.14397179513368355,8410,0.02470875345170498,1.061618447303772
279,0.14517055775916207,8251,0.011356135830283165,1.0223567485809326
280,0.1430528842911873,7485,0.029545113444328308,0.8826457858085632
281,0.15268006419887276,6564,0.025027258321642876,1.185702919960022
282,0.13500394437187813,8227,0.0342073068022728,0.5817855000495911
283,0.2128944334349964,2626,0.018886050209403038,2.3102633953094482
284,0.1405180121550797,8276,0.03233484551310539,1.0377988815307617
285,0.14839599638078696,8439,0.036413419991731644,1.45676589012146
286,0.14110633434597583,6918,0.008024264127016068,0.7589982748031616
287,0.1571823869622328,6665,-0.007076745852828026,1.117784023284912
288,0.16000341275817428,7220,0.02118680812418461,0.6651833653450012
289,0.14424083266307172,9000,0.0015308227157220244,1.0747557878494263
290,0.17601834211019773,3375,0.017356839030981064,1.523013710975647
291,0.14840641253001008,8005,0.039540957659482956,1.203231692314148
292,0.14693958440873847,8462,0.019284559413790703,0.7235043048858643
293,0.140557307629974,8558,0.0032420444767922163,1.3044404983520508
294,0.1451591634642048,7725,0.015630772337317467,0.9932553768157959
295,0.13830758547110897,8291,0.004466500598937273,1.0054829120635986
296,0.1357715175768783,7531,-0.010261664167046547,0.6412621736526489
297,0.16630924751840095,3782,0.013285581953823566,1.5282347202301025
298,0.13743917282581944,9000,0.013550573959946632,0.9603077173233032
299,0.14020211816568431,8133,-0.007439269684255123,0.8430238962173462
300,0.14722926745621126,6808,0.010480005294084549,0.5831524729728699
301,0.1407400323339087,6339,0.01723400503396988,0.51767897605896
302,0.14908088740426143,7177,0.009653772227466106,1.2719625234603882
303,0.15123543267559933,8163,0.022519154474139214,1.2945525646209717
304,0.14483201670807153,9000,0.023300258442759514,0.8595156073570251
305,0.13705265499009872,8306,0.022532744333148003,0.818545937538147
306,0.14330072148674908,7130,-0.020298132672905922,0.989067792892456
307,0.14250299903563463,9000,-0.003598129376769066,0.9960008859634399
308,0.14276838247695198,6841,0.028789622709155083,0.8927001357078552
309,0.13966625294572232,7641,0.012933798134326935,0.877822756767273
310,0.14966514301786452,7414,-0.015942521393299103,0.8569067120552063
311,0.13269057064484743,8217,-0.0010497210314497352,0.7174322605133057
312,0.14363950934961348,7478,0.036260515451431274,1.0400785207748413
313,0.13696645198870847,8235,-0.010035254992544651,0.6118761301040649
314,0.14074291812260284,8069,0.014592386782169342,0.6821146011352539
315,0.14817156389488537,7448,-0.004385105799883604,0.579460620880127
316,0.20247220061398655,3164,0.016627412289381027,2.0725207328796387
317,0.14125289729899093,8388,0.028971975669264793,0.7705864906311035
318,0.15026361219965978,8284,0.0036967599298805,0.7839719653129578
319,0.1482684986268953,8472,0.011974433436989784,0.7530369162559509
320,0.16068382339721224,7508,0.019571727141737938,1.1334011554718018
321,0.22208034787770317,2759,0.015267470851540565,2.4152328968048096
322,0.14325202843909662,7493,0.011056596413254738,1.2228928804397583
323,0.14748958365960863,7382,0.03279846906661987,0.9007952809333801
324,0.1929956982096747,3401,0.013077785260975361,1.8235117197036743
325,0.13865279692600066,8376,0.0025197002105414867,0.7904870510101318
326,0.15316992007135913,7019,0.010864775627851486,1.1921112537384033
327,0.16075149144837644,7787,0.016260528936982155,0.7056918740272522
328,0.14785760264605083,7822,0.007896722294390202,1.2636748552322388
329,0.14708757317322538,8348,0.02288195490837097,0.8624548316001892
330,0.14792221515809303,9000,0.04264798015356064,0.9831947088241577
331,0.15963758959286137,6827,0.007114098872989416,0.7813655734062195
332,0.15314460396300741,7649,0.004654659889638424,1.1401549577713013
333,0.134082954465196,9000,0.0068700979463756084,0.6744034886360168
334,0.1490154535996747,8247,-0.003943006508052349,0.646635890007019
335,0.15542140821109002,7578,0.0024635232985019684,0.5504640340805054
336,0.2200271476181984,2831,0.012849531136453152,2.4894979000091553
337,0.14237166850900465,8651,0.0175537820905447,0.6230338215827942
338,0.13747752895445753,7630,0.02017020806670189,0.5087728500366211
339,0.14629914660221877,8202,0.0077276332303881645,1.1631604433059692
340,0.16002432101430963,7546,0.007834745571017265,0.9068793654441833
341,0.1415675234758727,7794,0.02544758841395378,0.8249955773353577
342,0.13822409672738303,9000,0.0005994624807499349,0.6797208189964294
343,0.13872895942746816,6449,-0.035028111189603806,0.5678973197937012
344,0.14620198909808563,7551,-0.00030791026074439287,0.8772628307342529
345,0.14417175352824566,8105,0.029559960588812828,0.9515669941902161
346,0.1584396501040927,7864,0.03607696667313576,0.8929272890090942
347,0.15103330068924506,7268,0.007620630785822868,1.1088471412658691
348,0.14534147533415717,8395,0.018023742362856865,1.1196317672729492
349,0.15390860939976694,9000,0.015385884791612625,1.3627179861068726
350,0.14842378722706068,7589,0.033019181340932846,1.2198046445846558
351,0.2160129840486341,2294,0.013378895819187164,2.214179754257202
352,0.14658931435137393,8113,-0.0058874282985925674,1.0770478248596191
353,0.14774632692148362,7703,0.03816285729408264,1.0615272521972656
354,0.188411148871756,3597,0.00793485902249813,1.815117359161377
355,0.13682626698948527,8318,0.0023923981934785843,0.8854374289512634
356,0.15149320149316564,9000,0.011652213521301746,1.1713669300079346
357,0.1664718138934607,7138,0.003797286655753851,1.0310165882110596
358,0.14396740554197904,7176,0.022174563258886337,0.9697710871696472
359,0.16126731212340445,6921,0.011819098144769669,1.6142783164978027
360,0.15801643585289216,9000,-0.005502763204276562,1.1588712930679321
361,0.18985913514342526,4647,0.010520055890083313,1.8893072605133057
362,0.149241288873947,7633,0.012808728031814098,1.0226452350616455
363,0.14261862025503336,8087,-0.008628389798104763,0.8017584681510925
364,0.15420814964774593,7583,0.03215392678976059,0.8348757028579712
365,0.15791373282276003,3804,0.010086840949952602,1.296728253364563
366,0.1481183794479307,6744,-0.0027024419978260994,0.6261722445487976
367,0.1409739792030876,9000,0.01510102953761816,0.9014480113983154
368,0.13821211019556762,7523,0.021634941920638084,0.5889732837677002
369,0.1401459113502921,8126,-0.00965029001235962,0.8610196113586426
370,0.20729034105014527,2847,0.013600225560367107,2.3048317432403564
371,0.1810642199051986,2672,0.012306938879191875,1.818853735923767
372,0.18843625496467908,3642,0.009421148337423801,1.8363511562347412
373,0.1350224629814223,9000,0.014038516208529472,0.8558228611946106
374,0.1546417616780389,8345,0.01247537974268198,1.5457736253738403
375,0.1429096254916758,9000,0.021897340193390846,0.9490780234336853
376,0.1375337136200615,7518,0.007470324635505676,0.6722497344017029
377,0.13614401221282083,9000,0.009998423047363758,0.8325274586677551
378,0.1389872668616264,8205,0.019597068428993225,0.7808941602706909
379,0.1487780931986534,6399,0.023988597095012665,0.9499182105064392
380,0.14658559239736518,6578,-0.007062730845063925,0.3792952001094818
381,0.14116226619746727,8414,0.0036539207212626934,1.2488608360290527
382,0.14061240870418756,7344,-0.016309989616274834,1.153764009475708
383,0.14465253142762255,7719,0.005108177661895752,0.542422354221344
384,0.14315562746401092,9000,-0.012354664504528046,0.9369537830352783
385,0.14221800578332403,6795,0.0614187978208065,0.9159673452377319
386,0.14347023714240897,8165,-0.0049622924998402596,1.0429890155792236
387,0.14259390313896741,7328,0.01101753767579794,1.3673869371414185
388,0.16079606724237994,7437,0.02850610762834549,1.331312894821167
389,0.13845577653178875,8443,0.007166098337620497,0.7811004519462585
390,0.15069266005176465,7646,0.025936799123883247,1.1168301105499268
391,0.15658210762788308,8380,-0.00804858934134245,1.1421691179275513
392,0.14074002863410104,7567,-0.02972417138516903,0.7656086087226868
393,0.13826205003750722,8391,0.0071243648417294025,1.0063862800598145
394,0.14897592464953627,7058,0.006078807171434164,0.7890215516090393
395,0.14193133517373197,8207,-0.00742664048448205,0.764501690864563
396,0.14553571187836814,8260,0.012768800370395184,0.740557849407196
397,0.18935736682648635,3687,0.011035609990358353,1.9292190074920654
398,0.19275622611363988,2953,0.009364735335111618,1.930094599723816
399,0.14245406023558935,7579,0.01776372641324997,0.6158300042152405
400,0.1376586778661932,7033,0.023913778364658356,0.9363090395927429
401,0.14083418827570096,8130,0.002740730531513691,0.7123088240623474
402,0.13360581187986614,7609,0.020584359765052795,1.0205225944519043
403,0.19452949664778904,3464,0.010591584257781506,1.9383870363235474
404,0.14741960241608698,7592,0.027262434363365173,0.9897459745407104
405,0.14312747997399056,7582,-0.0036598059814423323,0.7359276413917542
406,0.14562338389890975,7576,0.015164434909820557,0.487691193819046
407,0.13416627456195993,9000,0.016634417697787285,0.8887651562690735
408,0.1646259380264943,6633,0.012585721909999847,0.521115243434906
409,0.13143611706995809,9000,0.009783018380403519,0.8073248267173767
410,0.14640563833020295,6847,0.012037701904773712,0.6453661322593689
411,0.14853656483646788,7269,0.007856429554522038,0.7594040036201477
412,0.13866257145444602,8298,0.03365412726998329,0.658007025718689
413,0.13763379786723642,7406,-0.025402843952178955,0.8405717015266418
414,0.19518788872496448,2504,0.01445069257169962,2.0179431438446045
415,0.14032000448070342,7553,0.0017263288609683514,0.8158891797065735
416,0.198459428789705,3480,0.011065661907196045,2.0021214485168457
417,0.1355127261590717,8284,0.02788156270980835,0.7603946328163147
418,0.14116043486972732,7641,0.009475658647716045,0.5435829162597656
419,0.2048957387098355,3539,0.00812663696706295,1.980210781097412
420,0.25188537010007633,1776,0.021241961047053337,2.8384034633636475
421,0.14072735849592372,8427,0.011780520901083946,0.8200823068618774
422,0.16645272882434553,7095,0.00040171993896365166,1.3400424718856812
423,0.13706075316048302,9000,0.018155086785554886,0.9478169679641724
424,0.21032681324334765,3786,0.006797878071665764,2.14862060546875
425,0.14560912164442935,7549,0.02651682123541832,0.8767145276069641
426,0.14617552533896394,8238,-0.024083001539111137,1.0306261777877808
427,0.19690091465410658,4189,0.008509062230587006,1.9007172584533691
428,0.20938544000661138,2551,0.00905533879995346,2.2959892749786377
429,0.14881866639621621,8044,0.031971096992492676,1.5383986234664917
430,0.14149219942666336,9000,0.028526831418275833,0.8374196887016296
431,0.13959277642093554,8426,-0.009175213053822517,1.043137788772583
432,0.14160932796609996,6830,-0.010075814090669155,0.8394926190376282
433,0.18847949465928285,3258,0.008253458887338638,2.0590291023254395
434,0.23185541999397602,1497,0.011400030925869942,2.805953025817871
435,0.2278786924515309,2224,0.012096808291971684,2.522541046142578
436,0.15318104598387086,6554,-0.014903227798640728,1.9166970252990723
437,0.14534380134356725,6837,0.038831185549497604,0.7901997566223145
438,0.13739196657791458,7497,-0.0005825594998896122,0.7926710247993469
439,0.15257709899226218,7065,0.01706952042877674,0.6298091411590576
440,0.13757875092144167,8198,0.03146100044250488,0.802110493183136
441,0.22399360346422642,2461,0.008622531779110432,2.437222957611084
442,0.13501174384739367,8264,0.013490588404238224,0.9957635998725891
443,0.13806004951553444,8334,-0.010002936236560345,0.6023055911064148
444,0.1900564331422598,2811,0.00975529383867979,1.8736910820007324
445,0.13050349771666772,9000,0.0350438617169857,0.676844596862793
446,0.14295566968332987,8447,0.01417924091219902,0.8459243178367615
447,0.18009997148334267,3806,0.006417030468583107,1.8223308324813843
448,0.14403305087627263,7949,-0.008264025673270226,0.7458342909812927
449,0.13872117073713855,7425,-0.009274384938180447,0.9156388640403748
450,0.15059484149416222,8259,0.012308425270020962,0.6964521408081055
451,0.18920928544818624,2750,0.008385748602449894,1.9214575290679932
452,0.137033278286615,7432,-0.004591858945786953,0.606255054473877
453,0.22464616350794353,2957,0.010134230367839336,2.4259257316589355
454,0.14914747923374644,8200,0.005412284750491381,1.0326173305511475
455,0.1534421899488643,8541,0.03625526279211044,1.103622317314148
456,0.14863394916498265,8393,0.031836628913879395,0.5898635387420654
457,0.1908769664155167,2601,0.008602912537753582,1.9664660692214966
458,0.15365086636638833,7156,-0.00192617392167449,0.7555528283119202
459,0.14752006116198618,7555,-0.013842892833054066,0.8450666666030884
460,0.15153664004559894,6862,0.039855390787124634,0.4546494483947754
461,0.22246268971023286,2525,0.00923974346369505,2.5193943977355957
462,0.13840550732844178,6641,0.013279406353831291,0.47627219557762146
463,0.1392012646886191,9000,-0.009954769164323807,0.7996426820755005
464,0.15960439600900597,7448,0.0013776479754596949,1.4416507482528687
465,0.16377811255390215,3521,0.00633420841768384,1.5331635475158691
466,0.1743405182380816,3347,0.005851997062563896,1.5723915100097656
467,0.13646480699419744,7676,0.0062097846530377865,0.7026535272598267
468,0.192242893019074,2496,0.00914708711206913,2.083425521850586
469,0.1353508371062753,7535,0.007100034039467573,0.844783365726471
470,0.14811110875070713,7655,0.02130916900932789,0.809182345867157
471,0.1536741943548979,6858,-0.019948244094848633,0.4916132092475891
472,0.13387895874976818,7304,0.021336209028959274,0.7472632527351379
473,0.14901615573425708,6997,-0.007891708984971046,1.0062434673309326
474,0.23415273341508264,3098,0.006251646671444178,2.5769760608673096
475,0.14140077614846214,7596,-0.008637974970042706,0.994783878326416
476,0.12991943891011512,8460,0.006936090067028999,0.7747964859008789
477,0.13800635994428803,7458,0.0391974002122879,0.670545756816864
478,0.15346949993067374,6673,0.015305377542972565,1.4528757333755493
479,0.14417428548061256,8264,0.019022280350327492,1.0938160419464111
480,0.19516848178778531,2179,0.010845760814845562,1.956089735031128
481,0.13612317406806956,8260,0.0022737851832062006,0.578757643699646
482,0.14137585382229081,6733,-0.006739538162946701,0.6646819114685059
483,0.15411523241130506,7360,0.008166658692061901,1.4696942567825317
484,0.14165807826626892,6539,0.00625819806009531,0.7809326648712158
485,0.1894535867051993,2002,0.010906104929745197,1.958808183670044
486,0.1438296975939303,7365,0.015877582132816315,0.9412354230880737
487,0.19104770383457048,4158,0.005577823147177696,1.8184891939163208
488,0.1290958379975554,8128,0.02909504435956478,0.8350363373756409
489,0.18167648093400388,2733,0.008350243791937828,1.619344711303711
490,0.18234313802061078,3828,0.004996983800083399,1.7525705099105835
491,0.14682530592156293,7780,0.007664768490940332,0.8532744646072388
492,0.1938551172876982,2933,0.007067510392516851,1.9340252876281738
493,0.1499664006861455,6641,0.003423114772886038,1.1132892370224
494,0.13568434265468388,8167,0.01941688172519207,0.8886142373085022
495,0.14958491307614188,7638,-0.009715288877487183,1.1556838750839233
496,0.20309507521145304,2523,0.010098216123878956,2.21789813041687
497,0.14748477945209265,7046,-0.010695642791688442,0.7600551247596741
498,0.18534366730144794,3191,0.005869387183338404,1.642443060874939
499,0.14408471510880225,7246,0.03147488832473755,0.8199425339698792
500,0.22037607906298518,1895,0.006713836453855038,2.3052313327789307
501,0.13390907130479282,7356,-0.003327472833916545,0.8741873502731323
502,0.18932508605893802,2816,0.008176444098353386,1.8249828815460205
503,0.19813218723561976,3137,0.006294386927038431,2.0184881687164307
504,0.14139990683158982,7810,0.009177611209452152,0.8873769044876099
505,0.13521193273850848,8260,0.02205909602344036,0.5990708470344543
506,0.14715604217015968,7457,0.009248734451830387,0.6918214559555054
507,0.17943769632930848,2185,0.007350722793489695,1.7116373777389526
508,0.13863553719691182,6740,0.035690244287252426,0.4704141318798065
509,0.14014568181489126,6702,-0.010333969257771969,0.9706957936286926
510,0.14022830090921193,6511,-0.04649512097239494,0.9294008612632751
511,0.1377227600458724,7198,-0.0132735725492239,0.8980183005332947
512,0.13301027887250552,7478,0.008619004860520363,0.6191904544830322
513,0.14278183268399422,6704,0.007529652677476406,0.7591292262077332
514,0.2039040266721192,2899,0.006190311163663864,2.103039264678955
515,0.1920322455281235,2958,0.008529252372682095,2.0237388610839844
516,0.19642743219297387,2545,0.004510392434895039,1.8736540079116821
517,0.18906089582418498,3931,0.005575162824243307,1.8413918018341064
518,0.13949237895406305,7673,0.003917340189218521,0.8560522794723511
519,0.19439979679755334,2315,0.008521072566509247,2.005995512008667
520,0.2236485222049627,1815,0.010432122275233269,2.540012836456299
521,0.13330216148317628,8612,0.013495046645402908,0.7961737513542175
522,0.13465015198649766,7708,-0.0028114139568060637,0.7153826355934143
523,0.18838135339129716,3617,0.006364823784679174,1.7349145412445068
524,0.1319436292254915,8077,0.025148827582597733,0.7199228405952454
525,0.1390350141690466,7338,-0.023701267316937447,0.6277691721916199
526,0.17032759315736198,3052,0.006017710547894239,1.5427979230880737
527,0.14074667304324442,7558,0.010251316241919994,0.625968337059021
528,0.1434546491839674,7757,-0.01490719523280859,0.7704868316650391
529,0.1338969887559575,6752,-0.0076638562604784966,0.530517041683197
530,0.24444498442909088,2000,0.008283625356853008,2.7190449237823486
531,0.1508989490645427,6860,0.005013030953705311,0.3891299366950989
532,0.14581466762542164,7522,0.009884923696517944,0.8847498297691345
533,0.14155934678496535,6865,0.00027629101532511413,0.6179059743881226
534,0.14721995020405132,7482,0.012023617513477802,1.1505417823791504
535,0.18031027273403705,3253,0.0070975301787257195,1.6974279880523682
536,0.18937347953886255,2315,0.012477496638894081,1.803964376449585
537,0.13590744919555817,8375,-0.001563969417475164,0.6609945893287659
538,0.18670473663351397,3452,0.005425457842648029,1.9164294004440308
539,0.20572821661671,1739,0.011118550784885883,2.0882339477539062
540,0.1284307234260271,7652,0.012838817201554775,0.4395025968551636
541,0.1337791491941066,7399,0.008442018181085587,0.5192388296127319
542,0.1366453694799063,6594,-0.005063222721219063,0.4105696976184845
543,0.13830875061633505,6915,0.002896019024774432,0.815587043762207
544,0.2017717182861919,1276,0.017891086637973785,2.088780164718628
545,0.14627381549759974,8372,-0.006147063337266445,0.7658740878105164
546,0.14256984730597666,7349,0.023251637816429138,0.8832021355628967
547,0.14863544852648047,6781,0.020199740305542946,1.1915158033370972
548,0.1478405347649062,6411,-0.007050854153931141,0.9902513027191162
549,0.18324815822240237,2410,0.010903538204729557,1.6758698225021362
550,0.13592448480351174,7574,0.003478107275441289,0.5713664293289185
551,0.15016700471987274,6861,-0.011396368965506554,0.7582638263702393
552,0.13995673885286244,7749,0.0072633977979421616,1.2964708805084229
553,0.14056923267343943,7650,-0.023630062118172646,0.6727926135063171
554,0.20997667011262708,3212,0.004639254882931709,2.187114715576172
555,0.18032778951711095,3599,0.0033418459352105856,1.5975898504257202
556,0.19109158842317123,3508,0.0036976563278585672,1.8745992183685303
557,0.1678583833934707,3063,0.0069988747127354145,1.469648838043213
558,0.14912837091732511,7341,-0.0022212581243366003,0.8495774269104004
559,0.2070971664296177,1602,0.010072707198560238,2.0883567333221436
560,0.146906916677516,8274,0.0009652126464061439,0.5941217541694641
561,0.16409807235913668,2634,0.006766819395124912,1.4113150835037231
562,0.14180039454096804,7471,-0.01892997696995735,0.7771055102348328
563,0.1395809364997677,6929,0.00020696429419331253,0.8264203667640686
564,0.14283002828210672,6671,0.0006064132321625948,0.7482564449310303
565,0.18086611514174666,3301,0.007061248179525137,1.7007203102111816
566,0.13762185108451072,7295,-0.004518355708569288,0.8781876564025879
567,0.14586592600922949,8181,0.01701972633600235,0.9108547568321228
568,0.18478766409216385,2665,0.006347409449517727,1.7176671028137207
569,0.21296313368948194,3169,0.006372918840497732,2.0593552589416504
570,0.16608465530331223,7144,0.03798780217766762,2.079446792602539
571,0.14536005724128004,6561,-0.009556339122354984,0.8625997304916382
572,0.14506194872683614,7448,0.018606601282954216,0.5346224904060364
573,0.14031046636898079,7556,0.005338682327419519,1.0032192468643188
574,0.1356451067129816,6751,0.017638104036450386,0.6840800046920776
575,0.13495963154798848,7606,-0.0031406953930854797,0.42368656396865845
576,0.1381446851957976,8420,0.019044673070311546,0.6068647503852844
577,0.1389077588428009,7426,0.019640056416392326,0.8009619116783142
578,0.13760981881872053,7400,-0.0005752881406806409,1.2055721282958984
579,0.14130105603895046,7527,0.007008806336671114,0.6393551230430603
580,0.13982187592865483,6889,-0.02220105566084385,0.8270821571350098
581,0.20726347632418166,2696,0.006351812742650509,2.133316993713379
582,0.19553509330859875,2190,0.008615653961896896,1.9649978876113892
583,0.13532930960292483,7174,-0.030474433675408363,0.8404962420463562
584,0.13574034096340373,8348,0.017369946464896202,0.7057042121887207
585,0.16442989837441033,2555,0.0033200369216501713,1.35045325756073
586,0.18635091414006266,2564,0.0037100077606737614,1.7581555843353271
587,0.17690133608117975,2987,0.005535659845918417,1.7866688966751099
588,0.13819731921666828,6804,-0.02741885930299759,0.6716460585594177
589,0.192607568095958,2892,0.0031831907108426094,1.9723416566848755
590,0.1808002653844435,3192,0.00577138364315033,1.7739698886871338
591,0.1530268577020772,7608,0.031033527106046677,0.6435790657997131
592,0.13762304385918334,7604,0.02418704330921173,0.5757936239242554
593,0.13982531552368468,7395,0.0022346600890159607,0.7469558119773865
594,0.13602397711756659,7044,-0.02140059508383274,0.6576273441314697
595,0.20604040534586734,1528,0.02050122618675232,2.2193548679351807
596,0.14329660801352825,8221,0.02025284245610237,1.0679761171340942
597,0.13709074217447054,6380,-0.009793765842914581,1.0814615488052368
598,0.14258260527327948,7387,0.01978691667318344,1.0197277069091797
599,0.18219871492276837,2275,0.005552666261792183,1.5844123363494873
600,0.1472049469048414,7536,0.016636280342936516,1.281494140625
601,0.15166179229265317,3659,0.0037631315644830465,1.1419624090194702
602,0.14718937546274596,7747,-0.00876154750585556,1.093307375907898
603,0.19454526245822198,2356,0.010858544148504734,1.914259433746338
604,0.14373867621809527,8359,0.00025821957387961447,0.5750445127487183
605,0.1331490891277035,7803,0.01488451287150383,0.8422843813896179
606,0.13119213212108427,8074,0.015478501096367836,0.6672342419624329
607,0.13922107760688676,7774,0.015312106348574162,1.083107590675354
608,0.18878381724972404,2421,0.006322404835373163,1.9538352489471436
609,0.162290700823505,2564,0.005942523013800383,1.388159990310669
610,0.1337709282982935,7207,-0.010013189166784286,0.9245687127113342
611,0.13299580748718948,8089,-0.0021799032110720873,0.7321549654006958
612,0.17780288668443925,2378,0.00515333004295826,1.4981051683425903
613,0.1947626589078202,2360,0.005100030452013016,1.9509400129318237
614,0.1376198198074867,6803,-0.01037035882472992,0.7967329621315002
615,0.1397578474873146,7567,0.011668967083096504,0.44017019867897034
616,0.13943204903808215,7007,0.002553333528339863,0.696769118309021
617,0.21460458323015316,2326,0.0076109906658530235,2.2099087238311768
618,0.13281652186022663,6688,-0.004881688393652439,0.7264862656593323
619,0.13681220103847222,7843,-0.0019190781749784946,0.575360894203186
620,0.121768321037841,8123,0.012469655834138393,0.4933869540691376
621,0.13733788281718243,7465,-0.006842414848506451,0.662546694278717
622,0.16762964765399577,3032,0.004483510740101337,1.4910016059875488
623,0.1362251839037503,6715,0.016426334157586098,0.5911247730255127
624,0.1768133294575207,3456,0.0049085430800914764,1.6103849411010742
625,0.19674215201968548,2036,0.005603624973446131,1.8772846460342407
626,0.1341694348019831,8316,0.007908549159765244,0.5578449964523315
627,0.1374756402103944,7448,-0.012529107742011547,0.8161830306053162
628,0.13658720007917158,7298,0.01986800879240036,0.7865206003189087
629,0.1871442669911635,2518,0.003374141873791814,1.8983852863311768
630,0.13836841674060993,7757,0.0028568757697939873,0.7149645686149597
631,0.18497012902402454,2793,0.004500227514654398,1.656334638595581
632,0.13198015772234933,6312,-0.003817860037088394,0.6935123205184937
633,0.14142717367776028,6607,-0.02256688103079796,1.0443907976150513
634,0.13802277132288845,6982,-0.003889822866767645,0.891008198261261
635,0.18369010195414134,3184,0.003716694423928857,1.6515544652938843
636,0.2135481569296921,2440,0.006885050795972347,2.254499912261963
637,0.14205388127695076,7329,-0.011892756447196007,0.95848548412323
638,0.1310613966819616,8082,0.014760894700884819,0.6488099098205566
639,0.13241071440262767,7463,0.013756195083260536,0.4697311222553253
640,0.1932909114551091,2819,0.004853002727031708,2.032073974609375
641,0.13514281947999499,7742,0.003510525682941079,0.7500244975090027
642,0.12622710018776737,8081,-0.020061343908309937,0.7269625663757324
643,0.1499557365973897,6499,-0.0249576885253191,0.7637008428573608
644,0.13080317950167522,7630,0.008843225426971912,0.5306919813156128
645,0.18633554611265735,3057,0.00228678691200912,1.8603936433792114
646,0.13696625519078762,8228,-0.01467867661267519,0.7399933934211731
647,0.1374060383058192,6865,0.008114644326269627,1.1163029670715332
648,0.13858422752099844,6865,-0.0018119696760550141,0.7851889133453369
649,0.13509548743089603,6388,-0.009589927271008492,0.6871705651283264
650,0.14335101500049569,7054,-0.006125771906226873,0.6002682447433472
651,0.1413244880543901,7392,-0.005972409155219793,0.820730447769165
652,0.14680729054332978,8421,-0.009747965261340141,0.7072142958641052
653,0.18734897433776243,2474,0.006397349759936333,1.7544900178909302
654,0.14236327837614604,7682,0.0059445761144161224,0.9144749641418457
655,0.1439521423199777,6657,-0.003812013426795602,0.47119033336639404
656,0.1456583856234649,7530,0.009681529365479946,0.7101907134056091
657,0.20386872606972678,2353,0.005516273435205221,1.965885043144226
658,0.139701350460339,7016,0.00018238216580357403,0.7739625573158264
659,0.13866742654538317,6795,0.016623029485344887,0.7419437170028687
660,0.18947342461909641,2421,0.004447632934898138,1.8240469694137573
661,0.17145963343411608,3415,0.0030316240154206753,1.4131829738616943
662,0.16862312011373393,3161,0.005932722706347704,1.4478706121444702
663,0.1779724384685157,2901,0.005804460495710373,1.674727439880371
664,0.13722036152075853,8203,0.01774984411895275,0.8145521879196167
665,0.14465203703945792,6773,0.029971957206726074,0.4067879915237427
666,0.12666350126929976,9000,0.007616341579705477,0.5631145238876343
667,0.1352024868481756,8330,-0.0036060779821127653,0.531186044216156
668,0.13865024763160153,7470,-0.022553279995918274,0.9986950755119324
669,0.13288149084765516,7645,-0.012821602635085583,0.6385826468467712
670,0.15227657350904325,7133,0.03516993299126625,0.667719841003418
671,0.14110429055746423,6637,-0.014464005827903748,0.46232420206069946
672,0.1707917105917332,3938,0.004648744594305754,1.4337129592895508
673,0.1328840581537443,6547,-0.021466491743922234,0.6052483916282654
674,0.1787646553210751,3843,0.004250410012900829,1.6416329145431519
675,0.13323759569526064,6654,-0.001560063916258514,0.47302964329719543
676,0.1417034058988017,6948,-0.0011669789673760533,0.44558268785476685
677,0.136086873203821,6748,0.001063941395841539,0.6839026212692261
678,0.14091738991362873,6594,-0.02824121154844761,0.9619584083557129
679,0.18870182218787465,2587,0.0047045242972671986,1.9199861288070679
680,0.1900861227762758,3059,0.002871823962777853,1.741504430770874
681,0.1686081848697825,2906,0.0035956010688096285,1.3909084796905518
682,0.12911473807144533,7588,0.010851828381419182,0.46923965215682983
683,0.13236212901329608,7552,-0.004765466786921024,0.5569441914558411
684,0.1424866160117583,6447,0.008694412186741829,0.6970739364624023
685,0.13490462381447269,7472,-0.004031139891594648,0.5566878318786621
686,0.20976288691678305,2381,0.0068162609823048115,2.1398918628692627
687,0.13974440570107877,6837,0.02958996221423149,0.7918963432312012
688,0.19398568347454978,3281,0.002562663285061717,1.8286839723587036
689,0.20595044638843438,2041,0.006067444104701281,2.1715500354766846
690,0.19604757946697818,2226,0.00416316045448184,1.8598812818527222
691,0.21985342249067683,2674,0.005724052432924509,2.1984338760375977
692,0.14122284933370033,7220,0.005400332156568766,1.1646068096160889
693,0.1396551617076289,6954,-0.009671686217188835,0.3651798665523529
694,0.13139615376275562,8077,0.013382740318775177,0.6583317518234253
695,0.14061748059078544,7553,-0.014723651111125946,0.4689469337463379
696,0.13187033198612888,7597,-0.015461171045899391,0.6114686131477356
697,0.18286338302546043,2560,0.004139278549700975,1.7584563493728638
698,0.16123907522385653,3835,0.004366239067167044,1.4125480651855469
699,0.1269956863336102,8194,0.011099603027105331,0.708668053150177
700,0.12781710148549535,8097,0.001330861123278737,0.5009862780570984
701,0.13355194899634118,7327,0.008028772659599781,0.9369515776634216
702,0.17650224169635284,3221,0.003299175761640072,1.4640660285949707
703,0.1626631470705493,3399,0.003550970461219549,1.3331351280212402
704,0.13029344932613093,7736,0.013081124983727932,0.5852150321006775
705,0.18911978321123957,3366,0.003605685429647565,1.6857057809829712
706,0.1324749330057877,7464,0.008061175234615803,0.7608482241630554
707,0.14099994118376527,6539,0.0058458419516682625,0.8573588728904724
708,0.19435288415903967,2173,0.00466155307367444,2.0073204040527344
709,0.13768803735845558,6522,0.005440626759082079,0.9660258889198303
710,0.1567219573734066,3351,0.0038408164400607347,1.2118656635284424
711,0.13493113472555532,8267,-0.00516393780708313,0.5439258813858032
712,0.14474273227502507,6845,-0.0019377926364541054,1.042338490486145
713,0.12842934506176124,8359,0.01468621101230383,0.7094775438308716
714,0.13811528441210996,7793,0.015795603394508362,0.831039547920227
715,0.1963491103456757,2457,0.004792163614183664,1.9021703004837036
716,0.1319103772579961,6513,-0.03334573656320572,0.9103173017501831
717,0.13775088008978031,6764,-0.0046441745944321156,0.7020118832588196
718,0.13525490079782068,7692,0.008749478496611118,0.823936402797699
719,0.12826377073806014,7863,-0.008261199109256268,0.7704382538795471
720,0.12414676407010201,7349,-0.0070795780047774315,0.5782448649406433
721,0.1467505406559612,6786,0.01779083162546158,0.4953562915325165
722,0.14061184726214954,6880,-0.03170335292816162,0.639439582824707
723,0.1660975008559763,4013,0.0014293293934315443,1.3950064182281494
724,0.16969489995091944,3262,0.0041861929930746555,1.5039232969284058
725,0.14670460358739176,6859,-0.008001351729035378,0.7688642740249634
726,0.1840451481549879,2914,0.004551075864583254,1.7243421077728271
727,0.13437613298283171,7750,0.03210489824414253,0.764917254447937
728,0.19681661345436233,2789,0.003199873259291053,2.0573647022247314
729,0.13954808130124452,6742,-0.02482561767101288,0.3039277493953705
730,0.1871485579210252,1781,0.006247333716601133,1.731350064277649
731,0.13017853659945175,7486,-0.009182651527225971,0.5284509062767029
732,0.13585281025664406,8268,-0.005607345141470432,0.6420850157737732
733,0.1465461954730607,6764,0.0021907356567680836,0.5758711099624634
734,0.19596555885660968,2679,0.002157472772523761,1.7932426929473877
735,0.21581896014785124,2208,0.003564273240044713,2.3428261280059814
736,0.13966861756578794,8248,-0.0038485913537442684,0.6061822175979614
737,0.1798123752033289,3432,0.0030956852715462446,1.5780972242355347
738,0.14007428356102034,6860,-0.009120463393628597,1.1286377906799316
739,0.13984386252472536,7044,-0.03111572377383709,0.7420487403869629
740,0.1441583308120315,6673,-0.007532002404332161,0.29264047741889954
741,0.13372785300402631,7582,0.019950086250901222,0.9803297519683838
742,0.13729091871556465,6932,0.028099127113819122,1.0901800394058228
743,0.1434793324228316,6798,0.006092092953622341,0.4608405828475952
744,0.14378481407517207,6952,-0.001593945431523025,1.2143347263336182
745,0.1403992380407953,7557,-0.017800303176045418,1.124817967414856
746,0.13183858942269563,6854,-0.0014640518929809332,0.8673837184906006
747,0.13857141738374232,6718,0.026373717933893204,0.5033155679702759
748,0.14467653845202286,8290,0.005755426827818155,0.8917515873908997
749,0.13785411809858625,7126,-0.026486143469810486,0.5643541812896729
750,0.13245070194344205,7807,0.0010492969304323196,0.38646259903907776
751,0.13272748038079613,7489,-0.031188413500785828,0.5025685429573059
752,0.24658739312350997,1251,0.013624249026179314,2.6992430686950684
753,0.13449397115043257,6804,0.0036309603601694107,0.5362480878829956
754,0.17485685685534066,1745,0.00754797738045454,1.7469782829284668
755,0.12663643568837452,8306,0.016434255987405777,0.6746495366096497
756,0.13113338683759757,8304,-0.009396553970873356,0.8711506724357605
757,0.12522840939865726,7679,0.032300058752298355,0.7620819211006165
758,0.1319060190713259,8105,0.00607988890260458,0.8077378273010254
759,0.18754649848309202,2647,0.002636056626215577,1.7052087783813477
760,0.1686644771891552,3067,0.0026875461917370558,1.4966102838516235
761,0.13507563135298395,7575,0.009272471070289612,0.6992154717445374
762,0.13185652330613112,6831,0.0007204345893114805,0.6533966660499573
763,0.13677845519148507,7584,-0.008612874895334244,0.5840426683425903
764,0.13917785454535,7395,0.003646453144028783,0.4384998083114624
765,0.19220716511612443,2375,0.00459614722058177,1.763932704925537
766,0.1823357485611111,2791,0.0022260285913944244,1.696922779083252
767,0.143312855653335,7013,0.015233569778501987,1.4416056871414185
768,0.1849675550441147,3172,0.0034348596818745136,1.729017972946167
769,0.17391592952036036,2781,0.004123405087739229,1.407284140586853
770,0.21009120638830805,2318,0.006781209260225296,1.8804354667663574
771,0.13713016935797923,6833,-0.01335093192756176,0.7560906410217285
772,0.13407668268925096,6923,0.013037835247814655,0.8560814261436462
773,0.13251164318097997,6751,-0.0021487949416041374,0.780709445476532
774,0.1291373787831365,9000,0.024490326642990112,0.7149364352226257
775,0.1328203307980365,8336,0.0006097209407016635,0.745556116104126
776,0.13247311674535758,7066,-0.010464532300829887,0.6849423050880432
777,0.14327970755900707,6628,-0.028890546411275864,0.9520870447158813
778,0.14256927856817458,6777,-0.00030158436857163906,0.7795491814613342
779,0.13349949908998593,6805,0.007520414423197508,0.9691093564033508
780,0.16767277703509886,4136,0.0021212901920080185,1.326648235321045
781,0.1499665897850038,7008,-0.00887246709316969,0.9594666361808777
782,0.19372135604806096,2975,0.0020838903728872538,1.6793193817138672
783,0.20991207647209167,2110,0.007431791629642248,2.1353182792663574
784,0.13396265194406282,7386,0.023042114451527596,0.4709928631782532
785,0.1642518029066385,2518,0.003708526026457548,1.4041239023208618
786,0.20865391253197135,2016,0.0045513492077589035,2.0562543869018555
787,0.1349529054744732,6942,0.003197652753442526,0.5980002880096436
788,0.16990310483956575,4364,0.002480923430994153,1.3316473960876465
789,0.1286256946541817,6877,-0.01387760229408741,0.6451993584632874
790,0.12282895605637442,6647,0.030202800408005714,0.6239574551582336
791,0.14484547612880777,6545,-0.0017401957884430885,1.2509676218032837
792,0.12979189052383588,6864,0.028122734278440475,0.6398155689239502
793,0.1881433991897277,2887,0.002888055983930826,1.6832388639450073
794,0.12664605643170584,7604,-0.003214776050299406,0.5740209817886353
795,0.1419307666912784,6972,-0.013273821212351322,0.6113704442977905
796,0.12826374651597855,6866,0.018133560195565224,0.6483931541442871
797,0.13691618210292034,7705,0.00483081117272377,0.8604005575180054
798,0.13633375875298137,6635,0.0188869908452034,0.7405447959899902
799,0.13804191267133495,6868,-0.006896670442074537,1.2022422552108765
800,0.1405152916330106,8286,-0.027630358934402466,0.9445775747299194
801,0.18845170258707852,2149,0.0017314135329797864,1.733946442604065
802,0.13565680562886206,6725,-0.009858871810138226,0.38138145208358765
803,0.14450256024125063,7472,-0.0025475064758211374,0.9431292414665222
804,0.12846910739691472,9000,-0.0011568260379135609,0.700621485710144
805,0.13726533358811333,6803,0.02283787541091442,1.7325736284255981
806,0.1273450741015452,7611,-0.018179642036557198,0.7357549667358398
807,0.1351114302472981,7522,0.02100331336259842,0.6352816224098206
808,0.13331173281872244,7491,0.008616275154054165,0.6608273386955261
809,0.1341755129582987,6802,-0.000861951382830739,1.252886176109314
810,0.12920478636161015,6622,0.027097031474113464,0.661512017250061
811,0.14142415919886048,7046,-0.00520449411123991,0.5993657112121582
812,0.1419134463448819,7668,-0.01765781082212925,0.5846385955810547
813,0.1771248223695822,2854,0.001402674475684762,1.4618924856185913
814,0.152973783734452,2864,0.0038874580059200525,1.2316200733184814
815,0.14478200623283186,6821,0.014269497245550156,0.3875330984592438
816,0.13347446377154057,6991,0.011747140437364578,0.8535929918289185
817,0.13563471565019464,8229,0.012664864771068096,0.9155258536338806
818,0.13673927813807613,7515,-0.007393016945570707,0.6995866894721985
819,0.12509803341057257,7599,-0.005127496086061001,0.47630932927131653
820,0.14142039086213284,6796,-0.015145896933972836,0.6551693677902222
821,0.17621712700784867,2598,0.0021876776590943336,1.4885066747665405
822,0.13894236358492737,6946,0.0393378771841526,1.1114128828048706
823,0.14124257927971018,7909,0.01882612332701683,0.8600597381591797
824,0.13425648110224178,7491,0.01882142946124077,0.7344799041748047
825,0.14142300748077496,7646,0.0014467919245362282,0.6251592636108398
826,0.14389875271001612,7344,0.02332315593957901,1.1102992296218872
827,0.13478230595092483,7259,-0.04549555480480194,0.507694661617279
828,0.1453979629002392,3418,0.0031379107385873795,1.0270229578018188
829,0.13839859011167788,7507,0.03038698621094227,0.6595357060432434
830,0.14770333187666743,8215,0.004412216600030661,0.633108913898468
831,0.1317609952757729,6936,-0.009080441668629646,0.7056618928909302
832,0.13528384689441764,7738,0.013437037356197834,0.8924547433853149
833,0.1595504108854132,2096,0.005323066376149654,1.472338080406189
834,0.12799385608756278,7648,0.006793174892663956,0.8259773254394531
835,0.1261563027628397,6702,-0.0009690782171674073,0.3932412564754486
836,0.13337383944312817,7499,0.023993607610464096,0.7010779976844788
837,0.1363186356722679,7056,0.036418743431568146,0.6676226854324341
838,0.12649138958803383,7493,-0.015079068019986153,0.5444192886352539
839,0.14590524252575962,7177,-0.029791025444865227,0.6563602089881897
840,0.1261885041836399,7928,0.02899966947734356,0.40443262457847595
841,0.12675758522420547,7530,-0.009017974138259888,0.3263101875782013
842,0.13462936034949105,7643,0.0018198956968262792,0.6253060698509216
843,0.12395919573095675,7575,0.009586183354258537,0.47205764055252075
844,0.13219908529038904,8279,0.01880849525332451,0.6088229417800903
845,0.13435866314542194,7568,-0.007006603758782148,0.78525710105896
846,0.1322887620972815,7726,-0.0021359550300985575,0.805307149887085
847,0.13744294215377417,7889,-0.006145218387246132,0.56864333152771
848,0.1307178081184426,7383,0.01997881382703781,0.493373304605484
849,0.13577742749995103,6839,-0.019541354849934578,1.0324959754943848
850,0.1315416043304982,8362,0.0055689443834125996,0.6918838620185852
851,0.1293949010372719,8321,0.0017405702965334058,0.5662345290184021
852,0.1301304453600826,9000,-0.0037859384901821613,0.4423225224018097
853,0.13196354689918652,7693,0.006756944581866264,0.7719418406486511
854,0.14241675493900052,7526,-0.0011183543829247355,0.6472268104553223
855,0.1494979655472223,3347,0.0018278018105775118,1.033186674118042
856,0.13018804834006037,7488,0.006445419974625111,0.5508428812026978
857,0.12774122508281466,8401,-0.001641944982111454,0.6887423396110535
858,0.13411207853695317,8324,0.0065771848894655704,0.430887907743454
859,0.1766711799163703,2834,0.0016110249562188983,1.565550684928894
860,0.12666235179919566,8248,-0.0021765860728919506,0.4592987895011902
861,0.1431651972991067,6808,0.012937268242239952,0.7557987570762634
862,0.12672266968131188,8559,-0.020805761218070984,0.6646514534950256
863,0.13777196404359654,4485,0.0022184422705322504,0.8699585795402527
864,0.1335268263274738,8210,0.021807774901390076,0.657793402671814
865,0.12566127938738353,7319,-0.005922839045524597,0.6568098664283752
866,0.1846195552789948,2640,0.0030681516509503126,1.5941158533096313
867,0.1327369423983232,6934,0.020076362416148186,0.43673181533813477
868,0.16033247802459974,2872,0.0005403561517596245,1.1914877891540527
869,0.17254839943833833,2063,0.005590732675045729,1.4827313423156738
870,0.13422138311509443,7010,-0.026487236842513084,0.8128963708877563
871,0.13737549825849657,6918,-0.0033313781023025513,0.7617062926292419
872,0.13728861269549558,7016,-0.04268806800246239,0.7314243912696838
873,0.15410784336815606,2833,0.002121334196999669,1.1592662334442139
874,0.1371423935860607,7097,0.01648232713341713,0.9970831274986267
875,0.13439296916786195,7494,0.003478428814560175,0.960183322429657
876,0.1252760478390345,9000,-0.002406359650194645,0.7929674386978149
877,0.1323328194681102,7676,0.010165165178477764,0.4919434189796448
878,0.12265255749587517,9000,0.0180041566491127,0.5951918363571167
879,0.12224012720389103,8277,0.006769272964447737,0.6872982382774353
880,0.1256843803842218,7436,-0.006006126757711172,0.7533787488937378
881,0.1413172392232492,6808,0.018966512754559517,0.4493257999420166
882,0.146523436273256,3047,0.0015388809842988849,1.077589750289917
883,0.1307597045886123,8301,-0.010943866334855556,0.5938580632209778
884,0.17389483559032387,3657,0.0024986048229038715,1.528063416481018
885,0.12758324949045025,7423,-0.0009817259851843119,0.4992437958717346
886,0.13545466197736583,8365,0.007171383127570152,0.5909316539764404
887,0.13146405893649862,7604,-0.005198475904762745,0.6691004037857056
888,0.1284538406937666,7579,-0.009480106644332409,0.7059460282325745
889,0.16454868291262054,3005,0.002407059306278825,1.3232340812683105
890,0.12839560938892242,7609,0.005502066574990749,0.5640730857849121
891,0.12747906297723893,9000,0.0164614487439394,0.5374653935432434
892,0.13586485254770458,6825,-0.00926009751856327,0.43588972091674805
893,0.12948165327990396,8094,0.02199329063296318,0.6638789772987366
894,0.13071676496662346,7553,0.010462949983775616,0.6956557035446167
895,0.13978676808660706,7562,-0.009862879291176796,0.7012431621551514
896,0.1356078616718909,7015,-0.01653783582150936,0.5795229077339172
897,0.12363553696236498,7136,0.02208511158823967,0.3401402533054352
898,0.13155444798886967,6913,-0.03223073482513428,0.8556250929832458
899,0.15506478232172155,3559,0.002312728203833103,1.139267086982727
900,0.13207681363526588,7550,-0.005878395400941372,0.6052000522613525
901,0.13739604978190392,7015,0.003750031115487218,0.6476759314537048
902,0.12801945422118602,8236,0.030795076861977577,0.5191737413406372
903,0.1292669258209605,7666,-0.02414889447391033,0.6778408885002136
904,0.1374230297684753,6920,0.020716756582260132,0.79701167345047
905,0.13752609973604296,6883,0.033003877848386765,0.6593597531318665
906,0.13452267152486017,7824,-0.012713405303657055,0.7114110589027405
907,0.12844265606245978,7334,-0.00949679035693407,0.8259392380714417
908,0.17954232833437128,3199,0.0011455664644017816,1.5764257907867432
909,0.13610720855610683,6600,-0.05504180118441582,1.0492788553237915
910,0.14653173696807922,6884,0.03045550361275673,1.0651278495788574
911,0.1280614288227759,7499,-0.0025093776639550924,0.47660601139068604
912,0.12986184983835564,8440,-0.001954226056113839,0.9110255241394043
913,0.13133205682502178,9000,0.015285543166100979,0.7006744146347046
914,0.13708575751196694,7579,0.0017159063136205077,0.43525227904319763
915,0.13223866670958734,6638,0.016471436247229576,0.6748034358024597
916,0.13104040591015761,7581,-0.0008649798110127449,0.4366290867328644
917,0.13695078498468877,8450,0.012894291430711746,0.958088755607605
918,0.17669097295049896,2492,0.0031564701348543167,1.4509698152542114
919,0.12963129046951277,6831,0.0038076878990978003,0.7884617447853088
920,0.12932766702729473,8280,0.002138376235961914,0.5235785245895386
921,0.13474904314114117,7812,0.00047627638559788465,0.44965529441833496
922,0.13485685923150798,6793,0.03224873170256615,0.49744904041290283
923,0.13232080184698056,7462,0.025721490383148193,0.8526382446289062
924,0.13158220297861928,8296,-0.005409663077443838,0.6491584181785583
925,0.13380385222293972,8414,0.015516572631895542,0.6002870798110962
926,0.12840165859885067,8341,0.019560091197490692,0.6517280340194702
927,0.12763116345940775,6953,0.03390323370695114,0.7320818901062012
928,0.19776001591963316,3091,0.000552670331671834,1.90862238407135
929,0.13356502659894093,8207,-0.002718595787882805,0.8220755457878113
930,0.13187820129525213,7765,0.007622901350259781,0.48614615201950073
931,0.14913309610610784,7013,0.026026686653494835,0.6797353029251099
932,0.13356219703778224,7596,-0.00640123151242733,0.5670007467269897
933,0.13218058316680836,8291,-0.014758770354092121,0.5533015131950378
934,0.13637328576219881,9000,-0.009564386680722237,0.6781592965126038
935,0.1301686812857553,8288,0.0003890953375957906,0.591052770614624
936,0.127043467907776,7552,-0.027986980974674225,0.559739351272583
937,0.13474181160739132,7529,-0.010845063254237175,0.5664926171302795
938,0.12741058316565804,7617,-0.004169126506894827,0.5933368802070618
939,0.12683855494487717,8362,0.020068209618330002,0.5333179235458374
940,0.1395852129561137,7088,0.002273575169965625,1.4351427555084229
941,0.12286749709451833,7655,0.01998777501285076,0.8275009989738464
942,0.12964351376986552,7659,0.02144382894039154,0.5751789808273315
943,0.13531608607013507,7509,0.022531965747475624,0.4019394814968109
944,0.136501144003546,6853,-0.004947509150952101,0.39773866534233093
945,0.13285368616658322,9000,-0.012186264619231224,0.8634517788887024
946,0.16066080794750914,3170,0.0013971304288133979,1.2403150796890259
947,0.1318859285195917,9000,-0.0015274372417479753,0.6915189027786255
948,0.13644256220726497,7256,0.0021782766561955214,0.7638792395591736
949,0.12226091222450054,7597,0.02797471545636654,0.6950600147247314
950,0.12360447585345427,7503,-0.0010237105889245868,0.6027605533599854
951,0.12721577597696554,8289,-0.02666281722486019,0.624121367931366
952,0.13419942932570558,6822,-0.005541805177927017,1.1299936771392822
953,0.11925001270575543,9000,-0.006067408714443445,0.37556225061416626
954,0.13806498824930968,6728,0.003002268262207508,0.9005092978477478
955,0.13866335638734523,6938,-0.01654234528541565,0.5842021703720093
956,0.1577530854744023,3636,0.0005238307639956474,1.3043302297592163
957,0.13674911219295016,6869,0.01806534081697464,0.7025557160377502
958,0.1298881096578293,8288,0.004192725755274296,0.6500707268714905
959,0.16398201679365432,3315,0.0005391539889387786,1.3155814409255981
960,0.12654231634472135,6898,0.0025457260198891163,0.7287706136703491
961,0.12340996483561022,8221,0.03266409412026405,0.4130958914756775
962,0.1278436219478222,8287,-0.008668147958815098,0.7743298411369324
963,0.12435704011046657,8269,-0.006621149834245443,0.3863793611526489
964,0.12580933556010793,8277,-0.002975988667458296,0.4417053759098053
965,0.13627410719971297,7517,0.022768467664718628,0.5818880200386047
966,0.13342237560356673,7559,-0.00512393843382597,0.5770975947380066
967,0.12436041786897689,9000,0.00831342302262783,0.6035705804824829
968,0.12357033890252518,9000,-0.007362890988588333,0.5984373688697815
969,0.13028654312421356,7559,0.026751808822155,0.7849229574203491
970,0.13392514742860917,7623,0.01203782856464386,0.5776007771492004
971,0.13090929100459783,8145,-0.022514808923006058,0.5734671354293823
972,0.1224779880475473,8308,-0.007421114016324282,0.6066377758979797
973,0.1712856318295622,2604,0.0021404102444648743,1.473419189453125
974,0.14133734138772555,7663,-0.012815400026738644,1.0077437162399292
975,0.11971624237642606,6674,-0.0012247490230947733,0.44851136207580566
976,0.13631264460935702,8361,-0.011104127392172813,0.6776567697525024
977,0.13968517607738878,6946,0.02632303163409233,0.5811508297920227
978,0.12678358306842957,8252,-0.0002202956093242392,0.5389375686645508
979,0.12795679763721887,7837,-0.0006775071378797293,0.7937111258506775
980,0.12966320086476046,7604,-0.01106598787009716,1.02753484249115
981,0.12256140893795665,7542,0.014829004183411598,0.306350439786911
982,0.1311852281333417,7776,-0.024242879822850227,0.6099622845649719
983,0.12227667215184525,7560,0.009848635643720627,0.37694668769836426
984,0.12562369335384202,8219,0.034577637910842896,0.5273258686065674
985,0.13023384177088848,6842,0.024399153888225555,0.5353931188583374
986,0.15829457914196993,3560,0.0006845822790637612,1.2332398891448975
987,0.12781718483658427,7380,0.014911706559360027,0.7969152331352234
988,0.13584934041974844,7726,0.014703357592225075,0.6439769864082336
989,0.13007783588024974,8378,-0.015799177810549736,0.702479898929596
990,0.13694128106173842,7005,-0.006516234017908573,0.8395874500274658
991,0.16288757118704314,3749,0.0011799682397395372,1.272278904914856
992,0.12811888969571075,8364,-0.03229811042547226,0.555246114730835
993,0.12598846489727802,7451,0.0025601396337151527,0.7461751699447632
994,0.13755008426567555,6915,0.017750268802046776,0.6199970841407776
995,0.13896961864843413,7626,-0.0061267465353012085,0.8624505400657654
996,0.1335245424437853,7828,0.007393397856503725,0.9839991927146912
997,0.1269525670765101,8359,-0.006582373287528753,0.5299541354179382
998,0.13379673568801884,6795,-0.008155962452292442,0.32355961203575134
999,0.1262662871392726,8224,0.0044507188722491264,0.6646406054496765
1000,0.13282685182334342,7691,0.04662472382187843,0.8852372765541077
1001,0.1304903765381678,8363,-0.02161828614771366,0.7351857423782349
1002,0.13452250137480073,7598,0.006631118711084127,0.7139385342597961
1003,0.12531823192403663,7467,0.049813415855169296,0.4959025979042053
1004,0.12947009272883114,8381,0.007374290842562914,0.43286412954330444
1005,0.18028153677805997,2837,0.0014080118853598833,1.5761182308197021
1006,0.1213483988253723,6888,0.029858248308300972,0.5503312349319458
1007,0.12952942786195656,8247,-0.00402055773884058,0.5456604957580566
1008,0.1277062393486201,8349,0.0010925623355433345,0.36146819591522217
1009,0.17775011054139167,2967,0.0002570231445133686,1.5981987714767456
1010,0.123261763340956,7031,-0.013176865875720978,0.2735152244567871
1011,0.13108774931242995,8256,0.002453900407999754,0.5214056372642517
1012,0.14040408035661925,6777,0.003343630116432905,1.1432567834854126
1013,0.1237726745667023,8276,-0.010616994462907314,0.6227086782455444
1014,0.12482781936392835,6572,-0.000160672003403306,0.31892678141593933
1015,0.13874056778169436,6790,0.019383898004889488,0.3554293215274811
1016,0.16793723773864191,3404,0.0002927885507233441,1.3263503313064575
1017,0.12750624801255844,8305,-0.016028791666030884,0.495885968208313
1018,0.13903678913180942,6817,0.023295894265174866,0.7001143097877502
1019,0.19356202107271842,2065,0.002656561089679599,1.7993900775909424
1020,0.1330997490905535,6871,0.017148859798908234,0.32104381918907166
